{"description": "seconds 1.5, image shape (40,256)", "mean": -1.0949277877807617, "std": 0.7769860625267029, "weights": [1.010876555820376, 1.0121401515151516, 1.009616111237059, 1.009616111237059, 1.009616111237059, 1.010876555820376, 1.010876555820376, 1.010876555820376, 1.0121401515151516, 1.0121401515151516, 1.0121401515151516, 1.009616111237059, 1.0121401515151516, 1.010876555820376, 1.009616111237059, 1.0121401515151516, 1.010876555820376, 1.0121401515151516, 1.009616111237059, 0.8195466813887866, 1.0121401515151516, 1.010876555820376, 1.0121401515151516, 1.010876555820376, 1.0121401515151516, 1.0071046283732852, 1.009616111237059, 1.009616111237059, 1.010876555820376, 0.674760101010101, 1.0121401515151516, 1.009616111237059, 1.0121401515151516, 1.0121401515151516, 1.009616111237059, 1.010876555820376, 1.0121401515151516, 1.009616111237059, 1.0121401515151516, 1.010876555820376, 1.0121401515151516, 1.0121401515151516, 1.0121401515151516, 1.010876555820376, 1.009616111237059, 1.0121401515151516, 1.010876555820376, 1.0121401515151516, 1.010876555820376, 1.0121401515151516, 1.009616111237059, 1.0121401515151516, 1.010876555820376, 1.0121401515151516, 1.0121401515151516, 1.010876555820376, 1.009616111237059, 1.010876555820376, 1.010876555820376, 1.0121401515151516, 1.0121401515151516, 1.0121401515151516, 1.010876555820376, 1.010876555820376, 1.0121401515151516, 1.010876555820376]}