{"generator settings": "default", "mean": -38.133975982666016, "std": 18.803024291992188, "class_weights": [0.40406128764152527, 5.333608627319336, 16.297138214111328, 9.462854385375977, 4.444674015045166, 0.9944016337394714, 2.550856351852417, 0.5075233578681946, 0.7801821231842041, 0.7102869153022766, 1.0150467157363892, 0.819409191608429, 1.880439043045044, 1.4035812616348267, 3.371821641921997, 5.333608627319336, 1.0150467157363892, 0.433306485414505, 10.864758491516113, 0.323784202337265, 4.731427192687988, 0.599894642829895, 1.810793161392212, 2.1569740772247314, 3.577420473098755, 0.4102776050567627, 0.6967897415161133, 0.8756670951843262, 0.8103549480438232, 0.23619040846824646, 0.8527572154998779, 0.7580063939094543, 1.0150467157363892, 0.3732168972492218, 0.5878727436065674, 4.731427192687988, 0.7639283537864685, 2.095346212387085, 1.370787262916565, 0.4754432439804077, 0.8171266913414001, 0.7740065455436707, 1.8684617280960083, 1.3456352949142456, 4.378335475921631, 0.8240125775337219, 1.2644331455230713, 1.504351258277893, 1.2699068784713745, 3.188570499420166, 3.188570499420166, 12.754281997680664, 7.719696998596191, 4.731427192687988, 1.577142357826233, 0.860259473323822, 0.6241456866264343, 1.5439393520355225, 1.0402429103851318, 0.6295031905174255, 3.7132718563079834, 0.401847243309021, 0.7719696760177612, 5.432379245758057, 1.8566359281539917, 4.19069242477417]}