{"description": "seconds 1.5, image shape (128,512)", "mean": -1.4301023483276367, "std": 0.7814542651176453, "weights": [0.4351826421312826, 5.335016835016835, 19.642561983471076, 8.002525252525253, 6.449796472184532, 1.2899592944369063, 2.0480396380870314, 0.4990027293722444, 0.986612702366127, 1.0940161104718067, 1.1108903949520916, 0.8677437020810514, 2.1287505597850425, 2.274401913875598, 3.4296536796536796, 4.967084639498433, 0.810762408323384, 0.4027365923917648, 9.603030303030303, 0.26349778270509977, 3.7577075098814228, 0.5656235126130414, 1.7080488681279196, 2.9802507836990597, 3.3241258741258743, 0.3334385521885522, 0.8730027548209366, 0.7828557312252964, 0.6892127011744237, 0.2190250195825462, 1.0096644010195412, 0.7958312405826218, 0.8215520221223643, 0.4211855396065922, 0.5442523471490726, 3.928512396694215, 0.7095835199283476, 2.8244206773618536, 1.6368801652892562, 0.4722801788375559, 0.9934169278996865, 1.0096644010195412, 1.8081019399011031, 1.3895059923998831, 5.761818181818182, 0.7095835199283476, 1.0617601072146527, 1.2417711598746082, 1.108041958041958, 2.5876428960261295, 2.6349778270509976, 12.003787878787879, 8.15351629502573, 4.409554730983302, 3.2737603305785123, 1.8233601841196778, 0.5066076947671321, 1.3255716675962075, 1.6880326704545454, 0.716644052464948, 5.083957219251337, 0.3465407888022162, 0.6488533988533989, 7.324345146379045, 2.009936575052854, 3.6621725731895225]}