{"description": "seconds 1.5, image shape (128,512)", "mean": -1.2070636749267578, "std": 0.8014152646064758, "weights": [1.0000270080483984, 1.0018127705627706, 0.9964745142365036, 0.9982476005607678, 0.9982476005607678, 0.9964745142365036, 1.0018127705627706, 1.0000270080483984, 1.0018127705627706, 1.0000270080483984, 1.0018127705627706, 1.0000270080483984, 0.9964745142365036, 1.0000270080483984, 1.0000270080483984, 1.0018127705627706, 1.0018127705627706, 0.9964745142365036, 1.0018127705627706, 1.0018127705627706, 1.0018127705627706, 1.0018127705627706, 0.9964745142365036, 1.0018127705627706, 1.0018127705627706, 1.0018127705627706, 0.9982476005607678, 1.0000270080483984, 0.9964745142365036, 0.9982476005607678, 0.9964745142365036, 1.0018127705627706, 1.0000270080483984, 1.0018127705627706, 1.0018127705627706, 0.9964745142365036, 1.0018127705627706, 0.9964745142365036, 1.0018127705627706, 1.0018127705627706, 0.9964745142365036, 1.0018127705627706, 1.0000270080483984, 0.9982476005607678, 1.0018127705627706, 1.0018127705627706, 1.0000270080483984, 1.0018127705627706, 1.0018127705627706, 1.0018127705627706, 1.0000270080483984, 0.9982476005607678, 1.0000270080483984, 0.9964745142365036, 0.9982476005607678, 1.0000270080483984, 1.0018127705627706, 1.0018127705627706, 1.0018127705627706, 0.9964745142365036, 1.0018127705627706, 0.9964745142365036, 1.0000270080483984, 1.0018127705627706, 1.0018127705627706, 1.0018127705627706]}