{"description": "seconds 1.5, image shape (128,512)", "mean": -1.1210904121398926, "std": 0.7912123203277588, "weights": [1.0028198653198652, 1.0028198653198652, 1.0018921873685982, 1.0000419709560984, 1.0018921873685982, 1.0028198653198652, 1.0028198653198652, 1.0018921873685982, 1.0028198653198652, 1.0028198653198652, 1.0000419709560984, 1.0028198653198652, 1.000966224164006, 1.0028198653198652, 1.0028198653198652, 1.0018921873685982, 1.0028198653198652, 1.0028198653198652, 1.0028198653198652, 1.0018921873685982, 1.0028198653198652, 1.000966224164006, 1.000966224164006, 1.0028198653198652, 1.0028198653198652, 1.0000419709560984, 1.000966224164006, 1.000966224164006, 1.0028198653198652, 0.8965608067429259, 1.000966224164006, 1.000966224164006, 1.0028198653198652, 1.0018921873685982, 1.0028198653198652, 1.0028198653198652, 1.000966224164006, 1.000966224164006, 1.0000419709560984, 1.0028198653198652, 1.0018921873685982, 1.0000419709560984, 1.000966224164006, 1.0018921873685982, 1.0028198653198652, 1.0028198653198652, 1.0018921873685982, 1.0000419709560984, 1.000966224164006, 1.0018921873685982, 1.0000419709560984, 1.0028198653198652, 1.000966224164006, 1.000966224164006, 1.0018921873685982, 1.0018921873685982, 1.0028198653198652, 1.0000419709560984, 1.0018921873685982, 1.000966224164006, 1.0028198653198652, 1.0028198653198652, 1.0000419709560984, 1.0000419709560984, 1.0028198653198652, 1.000966224164006]}