{"description": "seconds 1.5, image shape (128,512)", "mean": -1.092248558998108, "std": 0.793742299079895, "weights": [1.010876555820376, 1.0121401515151516, 1.009616111237059, 1.009616111237059, 1.009616111237059, 1.010876555820376, 1.010876555820376, 1.010876555820376, 1.0121401515151516, 1.0121401515151516, 1.0121401515151516, 1.009616111237059, 1.0121401515151516, 1.010876555820376, 1.009616111237059, 1.0121401515151516, 1.010876555820376, 1.0121401515151516, 1.009616111237059, 0.8195466813887866, 1.0121401515151516, 1.010876555820376, 1.0121401515151516, 1.010876555820376, 1.0121401515151516, 1.0071046283732852, 1.009616111237059, 1.009616111237059, 1.010876555820376, 0.674760101010101, 1.0121401515151516, 1.009616111237059, 1.0121401515151516, 1.0121401515151516, 1.009616111237059, 1.010876555820376, 1.0121401515151516, 1.009616111237059, 1.0121401515151516, 1.010876555820376, 1.0121401515151516, 1.0121401515151516, 1.0121401515151516, 1.010876555820376, 1.009616111237059, 1.0121401515151516, 1.010876555820376, 1.0121401515151516, 1.010876555820376, 1.0121401515151516, 1.009616111237059, 1.0121401515151516, 1.010876555820376, 1.0121401515151516, 1.0121401515151516, 1.010876555820376, 1.009616111237059, 1.010876555820376, 1.010876555820376, 1.0121401515151516, 1.0121401515151516, 1.0121401515151516, 1.010876555820376, 1.010876555820376, 1.0121401515151516, 1.010876555820376]}