{"description": "seconds 1.5, stft not mel, image shape (256,256)", "mean": -25.264686584472656, "std": 17.036258697509766, "weights": [1.0024448780925466, 1.0024448780925466, 1.0017034247803478, 1.0002238037688556, 1.0017034247803478, 1.0024448780925466, 1.0024448780925466, 1.0017034247803478, 1.0024448780925466, 1.0031874298540966, 1.0002238037688556, 1.0031874298540966, 1.0009630674819145, 1.0031874298540966, 1.0024448780925466, 1.0017034247803478, 1.0024448780925466, 1.0024448780925466, 1.0031874298540966, 1.0017034247803478, 1.0031874298540966, 1.0009630674819145, 1.0009630674819145, 1.0031874298540966, 1.0031874298540966, 1.0002238037688556, 1.0009630674819145, 1.0009630674819145, 1.0031874298540966, 0.8962958506307281, 1.0009630674819145, 1.0009630674819145, 1.0031874298540966, 1.0017034247803478, 1.0031874298540966, 1.0031874298540966, 1.0009630674819145, 1.0009630674819145, 1.0002238037688556, 1.0024448780925466, 1.0017034247803478, 1.0002238037688556, 1.0009630674819145, 1.0017034247803478, 1.0031874298540966, 1.0024448780925466, 1.0017034247803478, 1.0002238037688556, 1.0009630674819145, 1.0017034247803478, 1.0002238037688556, 1.0024448780925466, 1.0009630674819145, 1.0009630674819145, 1.0017034247803478, 1.0017034247803478, 1.0031874298540966, 1.0002238037688556, 1.0017034247803478, 1.0009630674819145, 1.0031874298540966, 1.0024448780925466, 1.0002238037688556, 1.0002238037688556, 1.0031874298540966, 1.0009630674819145]}