{"description": "seconds 1.5, image shape (128,345)", "mean": -1.1374984979629517, "std": 0.7887234687805176, "weights": [1.0261647727272727, 1.0261647727272727, 1.0248836681420952, 1.0261647727272727, 1.0261647727272727, 1.0242443146373277, 1.0255238203395605, 1.0261647727272727, 1.0261647727272727, 1.0248836681420952, 1.0255238203395605, 1.0242443146373277, 1.0248836681420952, 1.0248836681420952, 1.0261647727272727, 1.0261647727272727, 1.0248836681420952, 0.7733695884897015, 1.0261647727272727, 0.7958621601374873, 1.0242443146373277, 1.0255238203395605, 1.0242443146373277, 1.0242443146373277, 1.0261647727272727, 1.0261647727272727, 1.0255238203395605, 1.0261647727272727, 1.0242443146373277, 0.5914494367304166, 1.0255238203395605, 1.0261647727272727, 1.0242443146373277, 1.0242443146373277, 1.0242443146373277, 1.0261647727272727, 1.0248836681420952, 1.0261647727272727, 1.0261647727272727, 1.0248836681420952, 1.0261647727272727, 1.0248836681420952, 1.0248836681420952, 1.0248836681420952, 1.0242443146373277, 1.0255238203395605, 1.0248836681420952, 1.0248836681420952, 1.0261647727272727, 1.0248836681420952, 1.0261647727272727, 1.0261647727272727, 1.0242443146373277, 1.0242443146373277, 1.0248836681420952, 1.0261647727272727, 1.0261647727272727, 1.0261647727272727, 1.0255238203395605, 1.0261647727272727, 1.0261647727272727, 0.7722782861541093, 1.0248836681420952, 1.0255238203395605, 1.0261647727272727, 1.0255238203395605]}